admin,6b6313c57aeb205b5c467d2ecdfdd510f2137a56564995a939bfd96229782394d856207f46f30b4de43589282f9e4e53
analyst,35ca94fe88347fe7209d00d0043480c17dd200e950b32908795061dd002227f6bc3e444d101acd93a537ab7d9aa1bbd7
developer,3ddd0c6a1533d56caafbf55735a574ac31d2f1c51b9d78497d9dc3c51df01485edc2f14eb91224634a817333c8550322
operator,cdf3300c1941bd08e005a7e5908e64ab0263db201eef3427605e88e67619cbad0571b3de3af5b151a95bffd0450afd50
manager,03ef9cc705e5b989b0c27c42f832c87bdeed691f42a2f23e35af4648cf86f3f1f5e860f67521bcdded4b6da39ca7ff9d
security,d7159f3003c499a29c23ec0d80d2342a06d04ba5877222ce29104568505049e2f1011ce87f0df016e798833bbc6a68aa
monitor,acf19413aa70635f7570d72c17530d27c95e377ba4f208e9aa59536c9340387597c2fb4d9c6ccb254af9387f5c23dcbe
auditor,fd0ea4750bb66c2138bb861d87b6503552aa36c93b5f5cf10f983e501ee47758f0f4e367007c2e673cb95e54a2ccbd85
support,875eb0e26ee1bcd4aad1bb131b2199a493400a49bb972e3d0e7a4e05a196a58a092e323dc0c098ab5d4eac17e60632d6
tester,4d95add5894d3583061942431c6f1405b017e7da3830d20077f45573ece324191e3d8840596e8a376812bf8f62f8a4ee
